customerID,gender,SeniorCitizen,Partner,Dependents,tenure,PhoneService,MultipleLines,InternetService,OnlineSecurity,OnlineBackup,DeviceProtection,TechSupport,StreamingTV,StreamingMovies,Contract,PaperlessBilling,PaymentMethod,MonthlyCharges,TotalCharges,Churn
QA50-NEW-0001,Female,0,No,No,12,Yes,No,DSL,Yes,No,Yes,No,No,No,Month-to-month,Yes,Electronic check,49.95,599.4,No
QA50-NEW-0002,Male,0,No,No,12,Yes,No,DSL,Yes,No,Yes,No,No,No,Month-to-month,Yes,Electronic check,49.95,599.4,No
QA50-NEW-0003,Female,0,Yes,No,12,Yes,No,DSL,Yes,No,Yes,No,No,No,Month-to-month,Yes,Electronic check,49.95,599.4,No
QA50-NEW-0004,Male,0,No,No,12,Yes,No,DSL,Yes,No,Yes,No,No,No,Month-to-month,Yes,Electronic check,49.95,599.4,No
QA50-NEW-0005,Female,0,No,No,12,Yes,No,DSL,Yes,No,Yes,No,No,No,Month-to-month,Yes,Electronic check,49.95,599.4,No
QA50-NEW-0006,Male,0,Yes,No,12,Yes,No,DSL,Yes,No,Yes,No,No,No,Month-to-month,Yes,Electronic check,49.95,599.4,No
QA50-NEW-0007,Female,0,No,No,12,Yes,No,DSL,Yes,No,Yes,No,No,No,Month-to-month,Yes,Electronic check,49.95,599.4,No
QA50-NEW-0008,Male,0,No,No,12,Yes,No,DSL,Yes,No,Yes,No,No,No,Month-to-month,Yes,Electronic check,49.95,599.4,No
QA50-NEW-0009,Female,0,Yes,No,12,Yes,No,DSL,Yes,No,Yes,No,No,No,Month-to-month,Yes,Electronic check,49.95,599.4,No
QA50-NEW-0010,Male,0,No,No,12,Yes,No,DSL,Yes,No,Yes,No,No,No,Month-to-month,Yes,Electronic check,49.95,599.4,No
QA50-NEW-0011,Female,0,No,No,12,Yes,No,DSL,Yes,No,Yes,No,No,No,Month-to-month,Yes,Electronic check,49.95,599.4,No
QA50-NEW-0012,Male,0,Yes,No,12,Yes,No,DSL,Yes,No,Yes,No,No,No,Month-to-month,Yes,Electronic check,49.95,599.4,No
QA50-NEW-0013,Female,0,No,No,12,Yes,No,DSL,Yes,No,Yes,No,No,No,Month-to-month,Yes,Electronic check,49.95,599.4,No
QA50-NEW-0014,Male,0,No,No,12,Yes,No,DSL,Yes,No,Yes,No,No,No,Month-to-month,Yes,Electronic check,49.95,599.4,No
QA50-NEW-0015,Female,0,Yes,No,12,Yes,No,DSL,Yes,No,Yes,No,No,No,Month-to-month,Yes,Electronic check,49.95,599.4,No
QA50-NEW-0016,Male,0,No,No,12,Yes,No,DSL,Yes,No,Yes,No,No,No,Month-to-month,Yes,Electronic check,49.95,599.4,No
QA50-NEW-0017,Female,0,No,No,12,Yes,No,DSL,Yes,No,Yes,No,No,No,Month-to-month,Yes,Electronic check,49.95,599.4,No
QA50-NEW-0018,Male,0,Yes,No,12,Yes,No,DSL,Yes,No,Yes,No,No,No,Month-to-month,Yes,Electronic check,49.95,599.4,No
QA50-NEW-0019,Female,0,No,No,12,Yes,No,DSL,Yes,No,Yes,No,No,No,Month-to-month,Yes,Electronic check,49.95,599.4,No
QA50-NEW-0020,Male,0,No,No,12,Yes,No,DSL,Yes,No,Yes,No,No,No,Month-to-month,Yes,Electronic check,49.95,599.4,No
QA50-NEW-0021,Female,0,Yes,No,12,Yes,No,DSL,Yes,No,Yes,No,No,No,Month-to-month,Yes,Electronic check,49.95,599.4,No
QA50-NEW-0022,Male,0,No,No,12,Yes,No,DSL,Yes,No,Yes,No,No,No,Month-to-month,Yes,Electronic check,49.95,599.4,No
QA50-NEW-0023,Female,0,No,No,12,Yes,No,DSL,Yes,No,Yes,No,No,No,Month-to-month,Yes,Electronic check,49.95,599.4,No
QA50-NEW-0024,Male,0,Yes,No,12,Yes,No,DSL,Yes,No,Yes,No,No,No,Month-to-month,Yes,Electronic check,49.95,599.4,No
QA50-NEW-0025,Female,0,No,No,12,Yes,No,DSL,Yes,No,Yes,No,No,No,Month-to-month,Yes,Electronic check,49.95,599.4,No
QA50-NEW-0026,Male,0,No,No,12,Yes,No,DSL,Yes,No,Yes,No,No,No,Month-to-month,Yes,Electronic check,49.95,599.4,No
QA50-NEW-0027,Female,0,Yes,No,12,Yes,No,DSL,Yes,No,Yes,No,No,No,Month-to-month,Yes,Electronic check,49.95,599.4,No
QA50-NEW-0028,Male,0,No,No,12,Yes,No,DSL,Yes,No,Yes,No,No,No,Month-to-month,Yes,Electronic check,49.95,599.4,No
QA50-NEW-0029,Female,0,No,No,12,Yes,No,DSL,Yes,No,Yes,No,No,No,Month-to-month,Yes,Electronic check,49.95,599.4,No
QA50-NEW-0030,Male,0,Yes,No,12,Yes,No,DSL,Yes,No,Yes,No,No,No,Month-to-month,Yes,Electronic check,49.95,599.4,No
QA50-NEW-0031,Female,0,No,No,12,Yes,No,DSL,Yes,No,Yes,No,No,No,Month-to-month,Yes,Electronic check,49.95,599.4,No
QA50-NEW-0032,Male,0,No,No,12,Yes,No,DSL,Yes,No,Yes,No,No,No,Month-to-month,Yes,Electronic check,49.95,599.4,No
QA50-NEW-0033,Female,0,Yes,No,12,Yes,No,DSL,Yes,No,Yes,No,No,No,Month-to-month,Yes,Electronic check,49.95,599.4,No
QA50-NEW-0034,Male,0,No,No,12,Yes,No,DSL,Yes,No,Yes,No,No,No,Month-to-month,Yes,Electronic check,49.95,599.4,No
QA50-NEW-0035,Female,0,No,No,12,Yes,No,DSL,Yes,No,Yes,No,No,No,Month-to-month,Yes,Electronic check,49.95,599.4,No
QA50-NEW-0036,Male,0,Yes,No,12,Yes,No,DSL,Yes,No,Yes,No,No,No,Month-to-month,Yes,Electronic check,49.95,599.4,No
QA50-NEW-0037,Female,0,No,No,12,Yes,No,DSL,Yes,No,Yes,No,No,No,Month-to-month,Yes,Electronic check,49.95,599.4,No
QA50-NEW-0038,Male,0,No,No,12,Yes,No,DSL,Yes,No,Yes,No,No,No,Month-to-month,Yes,Electronic check,49.95,599.4,No
QA50-NEW-0039,Female,0,Yes,No,12,Yes,No,DSL,Yes,No,Yes,No,No,No,Month-to-month,Yes,Electronic check,49.95,599.4,No
QA50-NEW-0040,Male,0,No,No,12,Yes,No,DSL,Yes,No,Yes,No,No,No,Month-to-month,Yes,Electronic check,49.95,599.4,No
QA50-NEW-0041,Female,0,No,No,12,Yes,No,DSL,Yes,No,Yes,No,No,No,Month-to-month,Yes,Electronic check,49.95,599.4,No
QA50-NEW-0042,Male,0,Yes,No,12,Yes,No,DSL,Yes,No,Yes,No,No,No,Month-to-month,Yes,Electronic check,49.95,599.4,No
QA50-NEW-0043,Female,0,No,No,12,Yes,No,DSL,Yes,No,Yes,No,No,No,Month-to-month,Yes,Electronic check,49.95,599.4,No
QA50-NEW-0044,Male,0,No,No,12,Yes,No,DSL,Yes,No,Yes,No,No,No,Month-to-month,Yes,Electronic check,49.95,599.4,No
QA50-NEW-0045,Female,0,Yes,No,12,Yes,No,DSL,Yes,No,Yes,No,No,No,Month-to-month,Yes,Electronic check,49.95,599.4,No
QA50-NEW-0046,Male,0,No,No,12,Yes,No,DSL,Yes,No,Yes,No,No,No,Month-to-month,Yes,Electronic check,49.95,599.4,No
QA50-NEW-0047,Female,0,No,No,12,Yes,No,DSL,Yes,No,Yes,No,No,No,Month-to-month,Yes,Electronic check,49.95,599.4,No
QA50-NEW-0048,Male,0,Yes,No,12,Yes,No,DSL,Yes,No,Yes,No,No,No,Month-to-month,Yes,Electronic check,49.95,599.4,No
QA50-NEW-0049,Female,0,No,No,12,Yes,No,DSL,Yes,No,Yes,No,No,No,Month-to-month,Yes,Electronic check,49.95,599.4,No
QA50-NEW-0050,Male,0,No,No,12,Yes,No,DSL,Yes,No,Yes,No,No,No,Month-to-month,Yes,Electronic check,49.95,599.4,No
